★各ファイルに記載のURLは2019年9月1日現在のものです。これらは変更される可能性がありますので、予めご了承ください。,,,難度(高：　自信がつくまで手を出さない方がよい問題。中：　是非解けるようになりたい問題。低：　warmup問題、もしくは練習問題として調度よいレベルの問題),,
大分類/,問題名,writeup(URL/Path),難度（3: 高、2: 中、1: 低）,タグ（統一感ありませんが、ご容赦ください）,備考
Windows 10 RS5 ,35C3 CTF - refreshing memories 500,None,3, WSL bash shell、SQL parser ,
Windows PE32 executable,Pwn2Win CTF 2018 - EMETaCrazy 500,None,3,  dll ,
PE32 executable (GUI) Intel 80386 Mono/.Net assembly,WCTF 2018 - party 120,https://mhackeroni.it/archive/2018/07/08/wctf-2018-party.html,3, 1バイトずつフラグ特定 ,
Windows server 2016 14393 updated,HITCON CTF 2018 - windowsland 500,https://github.com/wmliang/windowsland,3, NULL終端しないよう入力、double free ,
Windows x86-64,N1CTF - trustworthy 1000,https://github.com/Nu1LCTF/n1ctf-2018/blob/master/writeups/pwn/trustworthy/solution.cpp ,3, S4U mode ,
Windows x86-64,N1CTF - Chakra 1000,None,3, Win10 Build 201802 ,
PE32+ executable (console) x86-64,HITB-XCTF GSEC CTF - gheart 1000,https://www.xctf.org.cn/library/details/hitb-quals-2018/#gheart-pwn,1, RSAの鍵をリーク可能 ,
PE32+ executable (console) x86-64,Real World CTF 2018 - untrustworthy 500,https://github.com/p4-team/ctf/blob/master/2018-07-28-real-world-quals/untrustworthy/exploit.c,3, Microsoft RPC、dll、race-condition ,
PE32+ executable (console) x86-64,WCTF 2018 - f 120,None,3, $MFT ,
PE32+ executable (console) x86-64,WCTF 2018 - simsim 120,https://github.com/cykorteam/cykor_belluminar_2018/blob/master/simsim/exploit.html,3, chat server(Web系)、JavaScript、powershell、sqlite ,
Windows2003R2 32bit,Blaze CTF 2018 - hotbox 420,https://github.com/rollsafe/ctf-writeups/tree/master/blazectf-2018/hotbox-420,2, シェルコード生成、bof ,
PE32+ executable (GUI) x86-64,WCTF 2018 - wctf 120,None,3, powershell絡み ,
PE32+ executable (native) x86-64,WCTF 2018 - searchme 120,https://gist.github.com/j00ru/2347cf937366e61598d1140c31262b18,3, kernel driver(.sys)、ioctl ,
PE32+ executable (native) x86-64,WCTF 2018 - pigdriver 120,None,3, kernel driver(.sys) ,
.NET program,HackIM2018 - Exploitation Question 3 500,None,2, PE32 ,
Linux x86-64 heap関連,angstromCTF 2018 - BANK ROPPERY 230,https://kileak.github.io/ctf/2018/angstrom-bank_roppery/,2, unsorted bin attack縲！O_file struct蛻ゥ逕ィ ,
Linux x86-64 heap関連,picoCTF 2018 - are you root 550,ctf-writeups/ctf_writeup_2018/picoCTF_2018/,1, ソースコード有、UAF ,
Linux x86-64 heap関連,picoCTF 2018 - freecalc 750,https://ctftime.org/task/6793 ,2, No RELRO、double free->overlap chunk、fastbin attack ,
Linux x86-64 heap関連,picoCTF 2018 - sword 800,ctf-writeups/ctf_writeup_2018/picoCTF_2018/,2, 特殊メニュー、UAF、整数overflow ,
Linux x86-64 heap関連,picoCTF 2018 - Contacts 850,ctf-writeups/ctf_writeup_2018/picoCTF_2018/,2, ソースコード有、double free->overlap chunk、fastbin attack ,
Linux x86-64 heap関連,picoCTF 2018 - Cake 900,https://github.com/0n3m4ns4rmy/ctf-write-ups/blob/master/Pico%20CTF%202018/cake/exploit.py,2, double free->overlap chunk、fastbin attack、特殊メニュー ,
Linux x86-64 heap関連,picoCTF 2018 - no-arg 1000,https://github.com/0n3m4ns4rmy/ctf-write-ups/blob/master/Pico%20CTF%202018/no-args/exploit.py,2, Full RELRO、overwrite __malloc_hook ,
Linux x86-64 heap関連,BackdoorCTF 2018 - SHELTER 200,ctf-writeups/ctf_writeup_2018/BackdoorCTF_2018,2, Full RELRO、unsafe unlink ,
Linux x86-64 heap関連,BackdoorCTF 2018 - BOOKKEEPING 350,https://amritabi0s.wordpress.com/2018/03/19/backdoorctf-2018-bookkeeping-write-up/,2, Full RELRO、x86-64でhouse of force ,
Linux x86-64 heap関連,HarekazeCTF - Flea Attack 200,ctf-writeups/ctf_writeup_2018/HarekazeCTF_2018,2, House of Spiritでchunkをオーバーラップ、fastbin attack ,
Linux x86-64 heap関連,Timisoara CTF 2018 - Heap school 101 150,ctf-writeups/ctf_writeup_2018/Timisoara_CTF_2018,2, t-cache poisoning、overwrite atoi@got ,
Linux x86-64 heap関連,Timisoara CTF 2018 - Heap school 102 300,ctf-writeups/ctf_writeup_2018/Timisoara_CTF_2018,2, house of orange、_IO_list_all更新 ,
Linux x86-64 heap関連,ASIS CTF Quals 2018 - Cat 500,ctf-writeups/ctf_writeup_2018/ASIS_CTF_Quals_2018,2, 負の値利用、UAF、fastbin attack ,
Linux x86-64 heap関連,ASIS CTF Quals 2018 - Fifty Dollars 500,https://amritabi0s.wordpress.com/2018/05/01/asis-ctf-quals-2018-fifty-dollors-write-up/,2, double free->overlap chunk、unsorted bin attack ,
Linux x86-64 heap関連,ASIS CTF Quals 2018 - My Blog 500,https://lyoungjoo.github.io/2018/05/02/Asis-CTF-2018-quals-write-up/,2, seccomp、openat利用可、t-cache、house of spirit ,
Linux x86-64 heap関連,ASIS CTF Quals 2018 - Just Sort! 500,https://lyoungjoo.github.io/2018/05/02/Asis-CTF-2018-quals-write-up/,2, heap overflow、サイズ制限回避 ,
Linux x86-64 heap関連,ASIS CTF Quals 2018 - Message Me! 500,https://vishnudevtj.github.io/notes/asis-quals-2018-message,2, 乱数予測、fastbin attack、libcバージョン特定 ,
Linux x86-64 heap関連,noxCTF 2018 - Grocery List 1000,ctf-writeups/ctf_writeup_2018/noxCTF_2018,2, Full RELRO、fastbin attack、__malloc_hook更新、要stack調整 ,
Linux x86-64 heap関連,AceBear Security Contest - memo heap 1000,ctf-writeups/ctf_writeup_2018/AceBear_Security_Contest_2018,2," realloc(ptr,0)利用で各アドレスをリーク、double free->overlap chunk、fastbin attack ",
Linux x86-64 heap関連,AceBear Security Contest - Comic Store 1000,https://ctftime.org/writeup/8570 ,2, unsafe unlink、_IO_file struct偽造、overwrite IO_list_all ,
Linux x86-64 heap関連,UIUCTF 2018 - how2heap 250,https://ctf.hgar.xyz/2018/uiuctf/how2heap/,2, メモリ独自管理、整数オーバーフロー ,
Linux x86-64 heap関連,Nuit du Hack CTF - meereen 400,https://ctftime.org/writeup/9511,3, UAF、vtable更新 ,
Linux x86-64 heap関連,PlaidCTF 2018 - shop 200,ctf-writeups/ctf_writeup_2018/PlaidCTF_2018/,2, 乱数絡み、overwrite got-addrs(overwrite _IO_buf_base) ,
Linux x86-64 heap関連,PlaidCTF 2018 - garbagetruck 300,https://eyebrowmoon.github.io/hacking/ctf/pctf/pctf_2018_write_up,2, メニュー操作、openssl、使用するgadgetsのアドレスは素数にする必要有、bof ,
Linux x86-64 heap関連,PlaidCTF 2018 - potassium 800,https://github.com/david942j/ctf-writeups/blob/master/plaidctf-2018/potassium/exp3.rb,3, __free_hook上書き ,
Linux x86-64 heap関連,WhiteHat GP 2018 - pwn02 500,https://github.com/sajjadium/ctf-writeups/blob/master/WhiteHatGrandPrixQuals/2018/pwn02/exploit.py,2, Full RELRO、off-by-one overflow、poison null byte、t-cache ,
Linux x86-64 heap関連,ISITDTU CTF 2018 - dead_note_lv1 1000,ctf-writeups/ctf_writeup_2018/ISITDTU_CTF_2018,2, DEP無効、負の値利用、short jumpでシェルコードを繋ぐ ,
Linux x86-64 heap関連,ISITDTU CTF 2018 - dead_note_lv2 1000,https://kileak.github.io/ctf/2018/isitdtu-deadnote2/,2, unsafe unlink、atoi@got->printf@plt+6(fsbで攻略) ,
Linux x86-64 heap関連,ISITDTU CTF 2018 - dead_note_vl3 1000,https://github.com/st424204/ctf_practice/blob/master/isitdtu/dead_note/dead_note_lv3.py,2, DEP無効、負の値利用、カスタムシェルコード生成 ,
Linux x86-64 heap関連,Viettel Mates CTF 2018 - Fruit Shop 500,https://github.com/k4k4/MATESTCTF_ROUND5/blob/master/Fruit%20Shop/payload.py,2, Full RELRO、off-by-one bof、fsb ,
Linux x86-64 heap関連,Viettel Mates CTF 2018 - Max Setting 500,https://ctfti.me/writeup/10249,2, Full RELRO、bof、__malloc_hook上書き ,
Linux x86-64 heap関連,BSides Delhi CTF 2018 - Data Bank 400,https://github.com/sajjadium/ctf-writeups/blob/master/BSidesDelhi/2018/data_bank/exploit.py,2, Full RELRO、UAF、tcache poisoning ,
Linux x86-64 heap関連,Meepwn CTF Quals 2018 - house_of_card 1000,https://github.com/Jinmo/ctfs/blob/master/2018/meepwn/house_of_card.py,2, double free->overlap chunk、bof、overwrite __malloc_hook/__realloc_hook ,
Linux x86-64 heap関連,Meepwn CTF Quals 2018 - secure_message 1000,https://github.com/zounathtan/ctf/blob/master/writeups/2018/MeePwn/secure_message/exp.py,2, tcache poisoning、overwrite free_hook ,
Linux x86-64 heap関連,CSAW CTF Quals 2018 - turtles 250,https://jkrshnmenon.wordpress.com/2018/09/17/csaw-ctf-quals-2018-turtles-writeup/,2, No RELRO、libgnustep-base、rop ,
Linux x86-64 heap関連,CSAW CTF Quals 2018 - alien invasion 400,https://ctfti.me/writeup/11344,2, off-by-one、null byte poisoning、fastbin attack、__environ利用 ,
Linux x86-64 heap関連,Teaser Dragon CTF 2018 - Fast Storage 500,https://ctfti.me/writeup/11460,2, unsorted bin attack、__malloc_hook上書き、hash table ,
Linux x86-64 heap関連,ASIS CTF Finals 2018 - ASVDB 500,https://ctfti.me/writeup/12482,2, Full RELRO、tcache poisoning、__free_hook上書き ,
Linux x86-64 heap関連,ASIS CTF Finals 2018 - Mem0 500,https://gitlab.com/snippets/1784365,2, Full RELRO、null byte overflow、double free->overlap chunk、__free_hook上書き ,
Linux x86-64 heap関連,SECCON 2018 Quals - Profile 500,ctf-writeups/ctf_writeup_2018/SECCON_2018_Quals,2, House of Spirit、カナリア値特定、ret2libc ,
Linux x86-64 heap関連,SECCON 2018 Quals - CLV2 500,None,3, Full RELRO、メニュー操作、端末制御考慮 ,
Linux x86-64 heap関連,0CTF 2018 - Baby Heap 2018 1000,https://dangokyo.me/2018/04/02/0ctf-2018-pwn-babyheap-write-up/,2, 4回malloc(72)してone-by-oneでサイズをごまかしてlibc_baseリーク、fastbin attack、main_arena->top更新、__malloc_hook更新 ,
Linux x86-64 heap関連,0CTF 2018 - Heap Storm II 1000,https://gist.github.com/Jackyxty/9de01a0bdfe5fb6d0b40fe066f059fa3,2, off-by-one、unsorted bin attack、__free_hook上書き ,
Linux x86-64 heap関連,Hack.lu CTF 2018 - Heap Heaven 2 500,https://github.com/0n3m4ns4rmy/ctf-write-ups/blob/master/Hack.lu%20CTF%202018/Heap%20Heaven%202/exploit.py,2, 特殊、rop ,
Linux x86-64 heap関連,Hack.lu CTF 2018 - Slot Machine 500,https://github.com/0n3m4ns4rmy/ctf-write-ups/blob/master/Hack.lu%20CTF%202018/Slot%20Machine/exploit.py,2, tcache絡み ,
Linux x86-64 heap関連,Hack.lu CTF 2018 - Heap Hell 500,https://github.com/0n3m4ns4rmy/ctf-write-ups/blob/master/Hack.lu%20CTF%202018/Heap%20Hell/exploit.py,2," verwrite GL(dl_rtld_lock_recursive) with system、overwrite dl_load_lock with ""/bin/sh""、dl-fini will call __rtld_lock_lock_recursive (GL(dl_load_lock)) ",
Linux x86-64 heap関連,Hack.lu CTF 2018 - Heap Hell 2 500,None,3, Full RELRO ,
Linux x86-64 heap関連,N1CTF - vote 1000,ctf-writeups/ctf_writeup_2018/N1CTF_2018,2, double free→overlap chunk 、fastbin attack ,
Linux x86-64 heap関連,N1CTF - null 1000,https://gist.github.com/romanking98/630f2b3c7216ae389f4ea3ce551041e1,2, Full RELRO、bofでthread arena上書き可能に調整、fastbin attack ,
Linux x86-64 heap関連,RCTF 2018 - babyheap 1000,https://lyoungjoo.github.io/2018/05/21/RCTF-2018-Write-Up/,2, Full RELRO、UAF、House of Einherjar、fastbin attack ,
Linux x86-64 heap関連,RCTF 2018 - RNote3 1000,https://lyoungjoo.github.io/2018/05/21/RCTF-2018-Write-Up/,2, Full RELRO、double free->overlap chunk、__malloc_hook上書き+RCE不可、fastbin attack でstdoutのvtable上書き ,
Linux x86-64 heap関連,RCTF 2018 - RNote4 1000,https://lyoungjoo.github.io/2018/05/21/RCTF-2018-Write-Up/,2, No RELRO、.dynstr上書き ,
Linux x86-64 heap関連,RCTF 2018 - stringer 1000,https://lyoungjoo.github.io/2018/05/21/RCTF-2018-Write-Up/,2, double free->overlap chunk、fastbin attack、__malloc_hook上書き ,
Linux x86-64 heap関連,SEC-T CTF - Hof 500,https://jkrshnmenon.wordpress.com/2018/09/14/sec-t-ctf-2018-hof-write-up/,2, UAF、tcache poisoning、overwrite __free_hook ,
Linux x86-64 heap関連,HCTF 2018 - heapstorm zero 1000,https://changochen.github.io/2018-11-09-hctf.html,2, off by oneでサイズごまかしてlibc_baseリーク、house of orange ,
Linux x86-64 heap関連,HCTF 2018 - easyexp 1000,https://sunichi.github.io/2018/11/16/hctf18-easyexp/,2, CVE-2018-1000001、unsafe unlink、overwrite __free_hook ,
Linux x86-64 heap関連,HackIT CTF 2018 - A Heap Interface 1000,https://github.com/0n3m4ns4rmy/ctf-write-ups/blob/master/HackIT%20CTF%202018/A%20Heap%20Interface/exploit.py,2, house of orange ,
Linux x86-64 heap関連,HackIT CTF 2018 - Bank Reimplemented 1000,https://github.com/0n3m4ns4rmy/ctf-write-ups/blob/master/HackIT%20CTF%202018/Bank%20Reimplemented/exploit.py,3, double free->overlap chunk、fastbin attack、bypass vtable-check ,
Linux x86-64 heap関連,HackIT CTF 2018 - Army 1000,https://github.com/Thankjnv/CTF-Writeups/blob/master/HackIT-CTF-2018-Army/exploit.py,2, 負の値利用、bof ,
Linux x86-64 heap関連,HackIT CTF 2018 - KAMIKAZE 1000,https://ctfti.me/writeup/11320,2, fastbin attack、__malloc_hook上書き ,
Linux x86-64 heap関連,P.W.N. CTF 2018 - Slottier Machine 250,None,2, メニュー操作 ,
Linux x86-64 heap関連,BCTF 2018 - three 1000,https://github.com/Hi-Im-darkness/CTF/tree/master/bctf2018/pwn/three,2, tcache dup、partial overwrite、overwrite __free_hook、stdout の _IO_write_ptr上書き ,
Linux x86-64 heap関連,BCTF 2018 - easiest 1000,https://ctfti.me/writeup/12489,2, Full RELRO、fastbin dup、stdoutのvtable上書き ,
Linux x86-64 heap関連,BCTF 2018 - houseofAtum 1000,http://shift-crops.hatenablog.com/entry/2018/11/29/223939#houseofAtum-Pwn-714pt-9-solves,2," Full RELRO、UAF、double free、tcache,fastbinのfdの指す先の差分を利用してchunk size上書き->libc baseリーク ",
Linux x86-64 heap関連,InCTF 2018 - securepad 1000,https://github.com/sajjadium/ctf-writeups/tree/master/InCTF/2018/securepad,2, Full RELRO、fastbin_dup->chunk overlap、unsorted bin attack、overwrite __free_hook ,
Linux x86-64 heap関連,InCTF 2018 - feedback 1000,https://vigneshsrao.github.io/feedback/,2, Full RELRO、off by one bof、House of Einherjar、unsorted bin attack ,
Linux x86-64 heap関連,InCTF 2018 - lost 1000,https://vigneshsrao.github.io/lost/,2, race condition、fastbin attack、overwrite GOT ,
Linux x86-64 heap関連,InCTF 2018 - YAWN 1000,https://github.com/sajjadium/ctf-writeups/tree/master/InCTF/2018/YAWN,2, Full RELRO、off-by-one、fastbin dup、overwrite __malloc_hook with one gadget ,
Linux x86-64 heap関連,TokyoWesterns CTF 4th 2018 - EscapeMe 900,https://david942j.blogspot.com/2018/09/write-up-tokyowesterns-ctf-2018.html,2, unsafe unlink、mprotect利用、シェルコード生成、kernel-level shellcode、invoke read(2) to overwrite the kernel ,
Linux x86-64 heap関連,TokyoWesterns CTF 4th 2018 - twgc 500,None,3, ,
Linux x86-64 heap関連,TokyoWesterns CTF 4th 2018 - BBQ 500,http://shift-crops.hatenablog.com/entry/2018/09/05/015057#BBQ-Pwnable-44790,2, UAF、__environ利用->リターンアドレス上書き、fastbin attack ,
Linux x86-64 heap関連,HITB-XCTF GSEC CTF - gundam 1000,https://github.com/zj3t/ctf/tree/master/xctf2018/gundam,2, tcache、double free、__free_hook上書き ,
Linux x86-64 heap関連,HITB-XCTF GSEC CTF - d 1000,https://github.com/zj3t/ctf/blob/master/xctf2018/d/exploit.py,2, unsafe unlink、overwrite atoi@got ,
Linux x86-64 heap関連,HITB-XCTF GSEC CTF - mutepig 1000,https://www.xctf.org.cn/library/details/hitb-quals-2018/#mutepig-pwn,2, house of rabbit ,
Linux x86-64 heap関連,Real World CTF 2018 - kid vm 500,https://github.com/perfectblue/ctf-writeups/blob/master/RealWorldCTF-2018/kidvm.md,2, UAF、double free、overwrite kernel code、house of orange ,
Linux x86-64 heap関連,WCTF 2018 - rswc 120,https://xz.aliyun.com/t/2436,2," bof可、seccomp、environ利用、rop(open,read,write) ",
Linux x86-64 heap関連,DEF CON Quals 2018 - It's-a me! 500,https://ctfti.me/writeup/10173,2, Full RELRO、特殊メニュー、裏メニュー有、bofでfree後のfd/bk上書き可、fastbin attack or unsorted bin attack ,
Linux x86-64 heap関連,DEF CON Quals 2018 - Race Wars 500,https://github.com/balsn/ctf_writeup/tree/master/20180512-defconctfqual#race-wars,2, bof->chunk overlap、exit@got上書き ,
Linux x86-64 heap関連,*CTF 2018 - young_heap 1000,https://github.com/sixstars/starctf2018/blob/master/pwn-young_heap/hack.py ,2,off by one bof、chunk size上書き、atoi@got上書き、stack bof、__libc_csu_init利用,
Linux x86-64 heap関連,*CTF 2018 - urlparse 1000,https://github.com/sixstars/starctf2018/blob/master/pwn-urlparse-urlparse2/exploit.py ,3,encode/decode考慮、末尾に%(%00 or \0)、off-by-one-null-byte、_dl_open_hook利用, 要チェック
Linux x86-64 heap関連,*CTF 2018 - urlparse2 1000,https://github.com/sixstars/starctf2018/blob/master/pwn-urlparse-urlparse2/exploit.py ,3,encode/decode考慮、末尾に%(%00 or \0)、off-by-one-null-byte、_dl_open_hook利用, 要チェック
Linux x86-64 heap関連,Codegate CTF 2018 - Super Marimo 1000,ctf-writeups/ctf_writeup_2018/Codegate_CTF_2018,2, heap bof縲〕eak puts@got縲〕ibc繝舌繧ク繝ァ繝ウ迚ケ螳壹overwrit puts@got ,
Linux x86-64 heap関連,Codegate CTF 2018 - Zoo 1000,https://github.com/DhavalKapil/ctf-writeups/blob/master/codegate-2018/zoo/exploit.py,2, bof可、overwrite __free_hook ,
Linux x86-64 heap関連,HITCON CTF 2018 - Baby Tcache 500,https://vigneshsrao.github.io/babytcache/,2, tcache、null byte overflow->overlap chunk、stdout->flags(0xfbad1800)、overwrite IO_write_base、overwrite __free_hook , 要チェック
Linux x86-64 heap関連,HITCON CTF 2018 - Children Tcache 500,http://eternal.red/2018/children_tcache-writeup-and-tcache-overview/,2, double free->overlap chunk、tcache、overwrite __free_hook ,
Linux x86-64 heap関連,HITCON CTF 2018 - Groot 500,https://github.com/LorenzoBinosi/CTF/blob/master/2018/HitconCTF/pwn/Groot/exploit.py,2, tcache、double free->overlap chunk、overwrite __malloc_hook ,
Linux x86-64 fsb 関連,EasyCTF IV - format 160,http://sei0o.hateblo.jp/entry/2018/02/24/205253,1, スタック上に鍵有 ,
Linux x86-64 fsb 関連,TJCTF 2018 - Super Secure Secrets 140,ctf-writeups/ctf_writeup_2018/TJCTF_2018,1, overwrite rand@got、シェル起動 ,
Linux x86-64 fsb 関連,Timisoara CTF 2018 - memo 70,ctf-writeups/ctf_writeup_2018/Timisoara_CTF_2018,1, 入力制限有、%s利用 ,
Linux x86-64 fsb 関連,X-MAS CTF 2018 - The Calculator 500,https://github.com/VoidHack/write-ups/blob/master/X-MAS%20CTF%202018/pwn/The%20Calculator/files/satanic_calculator_pt2.py,2, 演算装置 ,
Linux x86-64 fsb 関連,X-MAS CTF 2018 - The Calculator 2.0 500,https://github.com/VoidHack/write-ups/blob/master/X-MAS%20CTF%202018/pwn/The%20Calculator/files/satanic_calculator_pt2.py,2, 演算装置 ,
Linux x86-64 fsb 関連,Hackcon 2018 - Simpe Yet Elegent 150,https://exploitnetworking.com/en/security-en/simple-yet-elegent-pwn,1, No RELRO、bof、ret2libc ,
Linux x86-64 fsb 関連,BCTF 2018 - hardcore_fmt 1000,http://shift-crops.hatenablog.com/entry/2018/11/29/223939,2, Full RELRO、leak master canary、rop ,
Linux x86-64 fsb 関連,TokyoWesterns CTF 4th 2018 - Neighbor C 500,https://ctfti.me/writeup/10873,2, Full RELRO、overwrite _IO_2_1_stderr_->fileno with 1、__malloc_hook上書き ,
Linux x86-64 fsb 関連,TokyoWesterns CTF 4th 2018 - swap Returns 500,https://ctfti.me/writeup/10864,2, swap、atoi@got上書き ,
Linux x86-64 fsb 関連,HITCON CTF 2018 - tftp 500,https://balsn.tw/ctf_writeup/20181019-hitconctf/#tftp,2, syslog、modify stdout vtable ,
Linux x86-64 bof 関連,EasyCTF IV - rop1 100,http://sei0o.hateblo.jp/entry/2018/02/24/205253,1, ソースコード有、関数呼び出し ,
Linux x86-64 bof 関連,picoCTF 2018 - gps 550,ctf-writeups/ctf_writeup_2018/picoCTF_2018/,1, ソースコード有、シェルコード埋め込み ,
Linux x86-64 bof 関連,Pragyan CTF - Old school hack 200,ctf-writeups/ctf_writeup_2018/Pragyan_CTF_2018,1, 変数上書き ,
Linux x86-64 bof 関連,TJCTF 2018 - Online Banking 90,ctf-writeups/ctf_writeup_2018/TJCTF_2018,1, DEP無効 ,
Linux x86-64 bof 関連,SharifCTF8 - suctfdb 125,None,2, overwrite free@got、シェル起動 ,
Linux x86-64 bof 関連,SharifCTF8 - t00p_secrets 300,https://github.com/made-in-mim/writeups/tree/master/2018-02-02-sharif-ctf/pwn/t00p_secrets ,2, Full RELRO、House Of Einherjar ,
Linux x86-64 bof 関連,WPICTF 2018 - ezpz 100,ctf-writeups/ctf_writeup_2018/WPICTF_2018,1, x86-64、関数呼び出し ,
Linux x86-64 bof 関連,WPICTF 2018 - Forker.1 200,ctf-writeups/ctf_writeup_2018/WPICTF_2018,1, DEP無効、要dup2、ret2libc ,
Linux x86-64 bof 関連,WPICTF 2018 - Forker.2 300,ctf-writeups/ctf_writeup_2018/WPICTF_2018,2, fork、カナリア値特定 ,
Linux x86-64 bof 関連,WPICTF 2018 - Forker.3 500,ctf-writeups/ctf_writeup_2018/WPICTF_2018,2, PIE有効、fork、カナリア値リーク、スタック上の値からベースアドレスリーク ,
Linux x86-64 bof 関連,WPICTF 2018 - Forker.4 750,ctf-writeups/ctf_writeup_2018/WPICTF_2018,2, PIE有効、fork、Forker.3＋libcバージョン特定 ,
Linux x86-64 bof 関連,HarekazeCTF - Harekaze Farm 100,ctf-writeups/ctf_writeup_2018/HarekazeCTF_2018,1, 認証突破、ワンライナー ,
Linux x86-64 bof 関連,HarekazeCTF - alnush 200,ctf-writeups/ctf_writeup_2018/HarekazeCTF_2018,2, __libc_csu_init利用、mprotect利用、シェルコードカスタマイズ、確率1/16 ,
Linux x86-64 bof 関連,Timisoara CTF 2018 - Let us go forth and ... sort! 250,ctf-writeups/ctf_writeup_2018/Timisoara_CTF_2018,2, Full RELRO、カナリア値リーク ,
Linux x86-64 bof 関連,VolgaCTF 2018 - Ping2 10,ctf-writeups/ctf_writeup_2018/VolgaCTF_2018,1, 認証突破 ,
Linux x86-64 bof 関連,VolgaCTF 2018 - XOR Trick 350,https://github.com/phieulang1993/ctf-writeups/blob/master/2018/VolgaCTF/xor_trick/xor_trick.py,2, call rsp利用、xor考慮 ,
Linux x86-64 bof 関連,ASIS CTF Quals 2018 - TinyPwn 500,https://github.com/VoidMercy/CTFs/blob/master/AsisCTF-2018/TinyPwn/README.md,2, No RELRO、execveat利用 ,
Linux x86-64 bof 関連,TSG Live CTF - simplepwn 100,ctf-writeups/ctf_writeup_2018/TSG_Live_CTF_2018,2, 関数呼び出し、ワンライナー ,
Linux x86-64 bof 関連,SwampCTF 2018 - Syscaller's Lament 500,ctf-writeups/ctf_writeup_2018/SwampCTF_2018,2, srop ,
Linux x86-64 bof 関連,noxCTF 2018 - The Black Canary 1000,/ctf-writeups/ctf_writeup_2018/noxCTF_2018,2, カナリア値独自埋め込み、ret2libc ,
Linux x86-64 bof 関連,SECCON Beginners CTF 2018 - Warmup condition 85,None,1, 認証突破 ,
Linux x86-64 bof 関連,SECCON Beginners CTF 2018 - BBS 304,ctf-writeups/ctf_writeup_2018/SECCON_Beginners_CTF_2018,1, stack pivot、ret2libc ,
Linux x86-64 bof 関連,RITSEC CTF 2018 - Gimme sum fud 100,ctf-writeups/ctf_writeup_2018/RITSEC_CTF_1018,1, リモートとローカルでスタック配置の相違有、リークするだけ ,
Linux x86-64 bof 関連,Nuit du Hack CTF - RescueShell 100,ctf-writeups/ctf_writeup_2018/Nuit_du_Hack_CTF_2018,1, __libc_csu_init使用 ,
Linux x86-64 bof 関連,WhiteHat GP 2018 - pwn01 500,https://github.com/thebound7/giftshop,2, ptrace(2)によるsystem call制限、srop、execveat利用 ,
Linux x86-64 bof 関連,WhiteHat GP 2018 - pwn03 500,https://github.com/perfectblue/ctf-writeups/blob/master/whitehat-grandprix-2018/pwn03_onehit.md,2, stack-overflow、partial overwrite、vsyscall gadget利用 ,
Linux x86-64 bof 関連,Blaze CTF 2018 - waldo 420,ctf-writeups/ctf_writeup_2018/Blaze_CTF_2018,2, Full RELRO、PIE enabled、カナリア値特定、baseアドレス特定 ,
Linux x86-64 bof 関連,BSides Delhi CTF 2018 - canary 100,https://blog.csdn.net/w12315q/article/details/83684017,1, _stackchk_failed利用、argv上書き ,
Linux x86-64 bof 関連,BSides Delhi CTF 2018 - secureauth 500,None,3, Full RELRO ,
Linux x86-64 bof 関連,Meepwn CTF Quals 2018 - one_shot 1000,https://ctfti.me/writeup/10426,2, alarm@GOTをsyscall gadgetとして利用、connect-back、rop ,
Linux x86-64 bof 関連,CSAW CTF Quals 2018 - bigboy 25,ctf-writeups/ctf_writeup_2018/CSAW_CTF_Quals_2018,1, 関数呼び出し、ワンライナー ,
Linux x86-64 bof 関連,CSAW CTF Quals 2018 - get it? 50,ctf-writeups/ctf_writeup_2018/CSAW_CTF_Quals_2018,2, 関数呼び出し、ワンライナー ,
Linux x86-64 bof 関連,BBCTF2018 - Tale of a Twisted Mind 250,ctf-writeups/ctf_writeup_2018/BBCTF_2018,2, game系、乱数予測、計算問題攻略、独自カナリア値突破、ret2libc ,
Linux x86-64 bof 関連,ASIS CTF Finals 2018 - Inception 500,ctf-writeups/ctf_writeup_2018/ASIS_CTF_Finals_2018,2, seccomp、システムコール制限回避、親プロセス側でbofしてシェル起動、__libc_csu_init利用 ,
Linux x86-64 bof 関連,SECCON 2018 Quals - Classic Pwn 500,ctf-writeups/ctf_writeup_2018/SECCON_2018_Quals,1, ret2libc ,
Linux x86-64 bof 関連,0CTF 2018 - Black Hole Theory 1000,https://kileak.github.io/ctf/2018/0ctf-qual-blackhole/,2, escape seccomp、stack pivot、ret2dl-resolve -> mprotect呼び出し、time based blind attack ,
Linux x86-64 bof 関連,0CTF 2018 - House Of Cards 1000,https://github.com/sixstars/ctf/blob/master/2018/0ctf/house_of_c4rd/solve.py,3, stack overflow、カナリア値リーク、overwrite env REMOTE_HOST ,
Linux x86-64 bof 関連,X-MAS CTF 2018 - Random Present 500,ctf-writeups/ctf_writeup_2018/X-MAS_CTF_2018,2, libcバージョン特定、mprotect利用、シェルコード埋め込み ,
Linux x86-64 bof 関連,X-MAS CTF 2018 - Forbidden Documents 500,https://github.com/quantumbracket/ctf_writeups/blob/master/xmasctf2018/forbidden%20documents/exploit.py,2, /dev/fd/0利用 ,
Linux x86-64 bof 関連,IceCTF 2018 - Recipe for disaster 1 250,None,2, DEP無効 ,
Linux x86-64 bof 関連,IceCTF 2018 - Recipe for disaster 2 400,None,2, DEP無効 ,
Linux x86-64 bof 関連,IceCTF 2018 - Twitter 800,https://ctfti.me/writeup/11047,2, game系、rop ,
Linux x86-64 bof 関連,Hackcon 2018 - BOF 50,ctf-writeups/ctf_writeup_2018/Hackcon_2018,1, 関数呼び出し ,
Linux x86-64 bof 関連,Hackcon 2018 - WarChange 70,ctf-writeups/ctf_writeup_2018/Hackcon_2018,1, 分岐制御 ,
Linux x86-64 bof 関連,Hackcon 2018 - She Sells Sea Shells 90,ctf-writeups/ctf_writeup_2018/Hackcon_2018,1, DEP無効、シェルコード埋め込み ,
Linux x86-64 bof 関連,Pwn2Win CTF 2018 - TPM 2.0 500,https://abiondo.me/2018/12/02/pwn2win18-tpm20/,2, stack overflow、CVE-2018-1000140、decrypt flag with TPM 2.0 tools、RSA ,
Linux x86-64 bof 関連,Security Fest CTF - Bowrain 500,https://ctfti.me/writeup/10209,2, PIE有効、ベースアドレス特定、null終端利用 ,
Linux x86-64 bof 関連,Hackover CTF 2018 - cloud-note 500,https://bolek42.github.io/chals/Hackover-2018/CloudNote/README.html,1, UAF、bof+fsb ,
Linux x86-64 bof 関連,SEC-T CTF - Blaqlist 500,None,2, Full RELRO、メモリ中にflag有 ,
Linux x86-64 bof 関連,SEC-T CTF - Pingpong 500,https://github.com/0n3m4ns4rmy/ctf-write-ups/blob/master/sect%20ctf%202018/pingpong/exploit.py,2, null終端した先に埋め込み可、bof、overwrite __free_hook ,
Linux x86-64 bof 関連,Google CTF 2018 Quals - SFTP 500,ctf-writeups/ctf_writeup_2018/Google_CTF_2018_Quals,2, angrでパスワード特定、乱数予測、overwrite strlen@got ,
Linux x86-64 bof 関連,Google CTF 2018 Quals - APT42 - PART 2 500,https://github.com/david942j/ctf-writeups/blob/master/google-ctf-quals-2018/apt42/part2.py,2, 要checksum計算 ,
Linux x86-64 bof 関連,P.W.N. CTF 2018 - BabyPWN 101,ctf-writeups/ctf_writeup_2018/P_W_N_CTF_2018,1, Full RELRO ,
Linux x86-64 bof 関連,P.W.N. CTF 2018 - Exploitation Class 200,https://www.pwntera.fr/write-up/2018/10/28/PWN-ctf-exploit_class.html,2, FULL RELRO、カナリア値リーク ,
Linux x86-64 bof 関連,hxp CTF 2018 - notes 250,None,3, メニュー操作 ,
Linux x86-64 bof 関連,BCTF 2018 - SOS 1000,http://shift-crops.hatenablog.com/entry/2018/11/29/223939#SOS-Pwn-625pt-23-solves,2, read(2)エラー利用、stack pivot ,
Linux x86-64 bof 関連,InCTF 2018 - SOP 1000,https://gist.github.com/chmodxxx/c458bddf19916e38c0daa7f556f250d5,2, GOT上書き ,
Linux x86-64 bof 関連,TokyoWesterns CTF 4th 2018 - load 500,https://galhacktictrendsetters.wordpress.com/2018/09/04/tokyo-westerns-ctf-2018-load/,2, x86-64 シェルコード生成、time based blind attack ,
Linux x86-64 bof 関連,DEF CON Quals 2018 - ddtek。ァ Preview 500,https://github.com/balsn/ctf_writeup/tree/master/20180512-defconctfqual#ddtek-preview,2, stack bof、カナリア値リーク、xor絡み、/proc/self/maps利用,
Linux x86-64 bof 関連,*CTF 2018 - babystack 1000,ctf-writeups/ctf_writeup_2018/starctf_2018,2, 要アドレス調整(ガード突破)、stack pivot、ret2libc、__libc_csu_init利用 ,
Linux x86-64 bof 関連,*CTF 2018 - note+1000.wiki,https://github.com/sajjadium/ctf-writeups/blob/master/StarCTF/2018/note/exploit.py ,2,off-by-one、null利用、scanf利用->リターンアドレス更新、stack bof、rop,
Linux x86-64 bof 関連,*CTF 2018 ? stackoverflow+1000.wiki,https://github.com/sixstars/starctf2018/blob/master/pwn-stackoverflow/solve.py ,2,入力制限有、partial overwrite、1/16の確率で攻略可,
Linux x86-64 bof 関連,*CTF 2018 ? calc+1000.wiki,https://github.com/sixstars/starctf2018/blob/master/pwn-calc/hack.py ,3,"++の入力でカナリア値リーク可、seccompでシェル起動不可、close fd=0,1,2、mprotect利用、シェルコード埋め込み",
Linux x86-64 bof 関連,Codegate CTF 2018 - BaskinRobins31 1000,ctf-writeups/ctf_writeup_2018/Codegate_CTF_2018,1, ret2libc ,
Linux x86-64 bof 関連,Codegate CTF 2018 - 7amebox1 1000,https://github.com/pwning/public-writeup/tree/master/codegate2018/7amebox1,3,"encode/decode考慮、""middle endian"" byte order、stack bof",
Linux x86-64 bof 関連,HITCON CTF 2018 - HITCON 500,https://github.com/david942j/ctf-writeups/blob/master/hitcon-2018/hitcon/sol/hitcon.rb,2, 負の値利用、tls利用 ,
Linux x86-64 bof 関連,HITCON CTF 2018 - Super Hexagon 500,https://balsn.tw/ctf_writeup/20181019-hitconctf/#super-hexagon,1, 関数呼び出し ,
Linux x86-64 乱数予測,Timisoara CTF 2018 - Adrian Pwnescu 200,ctf-writeups/ctf_writeup_2018/Timisoara_CTF_2018,1, 繝輔Ν繧ャ繝シ繝峨ソースコード有、乱数のseed取得可、乱数予測 ,
Linux x86-64 乱数予測,DefCamp CTF Qualification 2018 - Lucky? 400,ctf-writeups/ctf_writeup_2018/DefCamp_CTF_Quals_2018,1, 乱数予測、seed上書き化 ,
Linux x86-64 乱数予測,DefCamp CTF Qualification 2018 - Even more lucky? 400,ctf-writeups/ctf_writeup_2018/DefCamp_CTF_Quals_2018,1, srand(time(NULL) / 10) ,
Linux x86-64 乱数予測,N1CTF - beeper 1000,ctf-writeups/ctf_writeup_2018/N1CTF_2018,2, 乱数予測、パスワード特定、bofでパスワード変換後の格納先変更 ,
Linux x86-64 シェルコード生成,TSG Live CTF - ROP4 150,ctf-writeups/ctf_writeup_2018/TSG_Live_CTF_2018,1, rop ,
Linux x86-64 シェルコード生成,TSG Live CTF - ROP1 200,ctf-writeups/ctf_writeup_2018/TSG_Live_CTF_2018,2, rop ,
Linux x86-64 シェルコード生成,Blaze CTF 2018 - shellcodeme 420,ctf-writeups/ctf_writeup_2018/Blaze_CTF_2018,1," DEP無効、シェルコード生成、sub rsp, 0x30; ret 利用 ",
Linux x86-64 シェルコード生成,Blaze CTF 2018 - shellcodeme_hard 420,ctf-writeups/ctf_writeup_2018/Blaze_CTF_2018,2, setcontext利用、埋め込めるデータの種類は7つ、push排除 ,
Linux x86-64 シェルコード生成,CSAW CTF Quals 2018 - shell-code 100,ctf-writeups/ctf_writeup_2018/CSAW_CTF_Quals_2018,2, short jump利用、push不可 ,
Linux x86-64 シェルコード生成,Kaspersky Industrial CTF 2018 - doubles 1000,ctf-writeups/ctf_writeup_2018//Kaspersky_Industrial_CTF_2018,2, 浮動小数点演算(double型)でシェルコード投入 ,
Linux x86-64 シェルコード生成,Hack.lu CTF 2018 - Baby Exploit 500,ctf-writeups/ctf_writeup_2018/Hack_lu_CTF_2018,2, shellcodeの１バイト目はxorされる ,
Linux x86-64 シェルコード生成,Pwn2Win CTF 2018 - Minishell 500,http://blog.redrocket.club/2018/12/02/Pwn2Win-2018-Minishell/,2, 入力文字数制限有、seccompでシステムコール制限有 ,
Linux x86-64 シェルコード生成,Google CTF 2018 Quals - SANDBOX COMPAT 500,https://github.com/p4-team/ctf/blob/master/2018-06-23-google-ctf/sandbox_compat/exploit.py,2, kernel空間/user空間のソースコード有、escape seccomp、execute 32-bit code within our 64-bit process ,
Linux x86-64 シェルコード生成,Google CTF 2018 Quals - EXECVE SANDBOX 500,https://devcraft.io/2018/06/26/execve-sandbox-google-ctf-2018.html,2, escape seccomp、mmapのMAP_GROWSDOWNフラグ利用、mmap at 0x11000 with MAP_GROWSDOWN ,
Linux x86-64 シェルコード生成,HCTF 2018 - christmas 1000,https://github.com/sixstars/ctf/blob/master/2018/hctf/christmas/hack.py,3, ,
Linux x86-64 シェルコード生成,hxp CTF 2018 - yunospace 150,https://ctfti.me/writeup/12582,2, 入力制限9バイト ,
Linux x86-64 シェルコード生成,*CTF 2018 - primepwn 1000,https://gist.github.com/vient/1c5e9e8bab1be7e6040474cfa52917db ,2,素数だけでシェルコード書く,
Linux x86-64 race-condition,EvlzCTF - CRLD 500,ctf-writeups/ctf_writeup_2018/EvlzCTF_2018,2, race condition ,
Linux x86-64 race-condition,HackIT CTF 2018 - HashMan 1000,https://gist.github.com/hama7230/ad6e970d10edd8017409c09248eb64b2,2, race condition、type confusion ,
Linux x86-64 race-condition,INSHACK 2018 - sudo 460,https://jbzteam.github.io/inshack2018/sudo ,2, sshでログインして権限昇格、Race Condition ,
Linux x86-64 特殊,WPICTF 2018 - Breakingout 300,ctf-writeups/ctf_writeup_2018/WPICTF_2018,2, PIE有効、RoboarchNG(特殊命令セットで攻略) ,
Linux x86-64 特殊,HackIM2018 - Exploitation Question 2 300,https://gist.github.com/dialluvioso/479629974f8c8e7b12412a04a5d977fc,2, seccomp(writeのみ可)、シェルコード実行可能なプロセスとやり取り可能 ,
Linux x86-64 特殊,ASIS CTF Quals 2018 - FCascasde 500,https://kileak.github.io/ctf/2018/asisquals18-fcascasde/,2, Full RELRO、入力したアドレスに0x0を1バイトだけ入力可、_IO_buf_baseの末尾を0x0で更新、_IO_write_base更新、overwrite __free_hook ,
Linux x86-64 特殊,SwampCTF 2018 - Power QWORD 500,ctf-writeups/ctf_writeup_2018/SwampCTF_2018,1, Full RELRO、cat(fork)不可 ,
Linux x86-64 特殊,SwampCTF 2018 - Astral Mind 500,https://github.com/numinit/CTF/blob/master/SwampCTF-2018/pwn/astral-mind-500/astral-mind.md,2, メニュー操作、neural network関連 ,
Linux x86-64 特殊,noxCTF 2018 - noxComputers 1000,https://blog.noxale.com/post/noxctf-noxcomputers/,3, メニュー操作、UAF、整数オーバーフロー、overwrite puts@GOT ,
Linux x86-64 特殊,DefCamp CTF Qualification 2018 - Sweet 400,None,2, ,
Linux x86-64 特殊,RITSEC CTF 2018 - ezpwn 100,ctf-writeups/ctf_writeup_2018/RITSEC_CTF_1018,1, 認証突破 ,
Linux x86-64 特殊,Nuit du Hack CTF - BaseX 300,https://github.com/p4-team/ctf/blob/master/2018-03-30-nuit-du-hack/basex/doit.py,2, 特殊、エンコード考慮、fread@GOT上書き ,
Linux x86-64 特殊,Insomnihack teaser 2018 - insocalc 500,None,3, ,
Linux x86-64 特殊,BSides Delhi CTF 2018 - easypeasy 50,https://www.pwndiary.com/write-ups/bsides-delhi-ctf-2018-easypeasy-write-up-pwn50/,1, syscall gadget利用 ,
Linux x86-64 特殊,Meepwn CTF Quals 2018 - Coin 1000,None,3, メニュー操作 ,
Linux x86-64 特殊,CSAW CTF Quals 2018 - PLC 300,https://ctfti.me/writeup/11343,2, programable logic controllers、rop、checksum計算 ,
Linux x86-64 特殊,BBCTF2018 - ROP Crazy 200,ctf-writeups/ctf_writeup_2018/BBCTF_2018,2, syscall gadget埋め込み、シェルコード移行 ,
Linux x86-64 特殊,BBCTF2018 - RLE 400,None,3, 整数演算 ,
Linux x86-64 特殊,Teaser Dragon CTF 2018 - Production 500,https://ctfti.me/writeup/11454,2, ソースコード有、コマンドラインI/F ,
Linux x86-64 特殊,SECCON 2018 Quals - secret_message 500,None,2, bruteforce(partial overwrite?) ,
Linux x86-64 特殊,SECCON 2018 Quals - painter 500,None,3, Full RELRO ,
Linux x86-64 特殊,SECCON 2018 Quals - SimpleMemo 500,http://shift-crops.hatenablog.com/entry/2018/11/05/042149#SimpleMemo-Exploit-494-2-solves,3," seccomp escape、負の値利用、シェルコードでfork, ptraceを利用して tracee, tracerに分岐、traceeがシステムコールを発行したら，tracerで捕まえてraxを SYS_openに更新 ",
Linux x86-64 特殊,Pwn2Win CTF 2018 - Super Storage 500,None,3, Full RELRO ,
Linux x86-64 特殊,Google CTF 2018 Quals - DRIVE 500,https://github.com/google/google-ctf/tree/master/2018/quals/pwn-drive/challenge,3,  ,
Linux x86-64 特殊,HCTF 2018 - the end 1000,https://github.com/0n3m4ns4rmy/ctf-write-ups/blob/master/HCTF%202018/the%20end/exploit.py,2, Full RELRO、指定アドレスに5回1バイトずつ書き込み可、fake vtable、time based blind attack ,
Linux x86-64 特殊,HCTF 2018 - baby printf ver2 1000,https://ctftime.org/writeup/12124,2, _IO_2_1_stdout_をごまかして任意アドレス上書き、FILE Structure Exploitation(bypass vtable-check) ,
Linux x86-64 特殊,CODE BLUE CTF 2018 - Watch Cats 500,http://kotarou777775.hatenablog.com/entry/2018/08/07/213911,2, game系、整数オーバーフロー ,
Linux x86-64 特殊,CODE BLUE CTF 2018 - Something Revenge 500,https://qiita.com/szk3y/items/938dfd8f990d09d036ff,2, seccompによるシステムコール制限有、bof+fsb、bofで繰り返し実行可能に変更可、1文字ずつフラグ特定 ,
Linux x86-64 特殊,P.W.N. CTF 2018 - Kindergarten PWN 150,https://www.pwndiary.com/write-ups/p-w-n-ctf-2018-kindergarten-pwn-write-up-pwn204/,1, 負の値利用 ,
Linux x86-64 特殊,P.W.N. CTF 2018 - Important Service 175,https://www.pwndiary.com/write-ups/p-w-n-ctf-2018-important-service-write-up-pwn259/,1, partial overwrite ,
Linux x86-64 特殊,P.W.N. CTF 2018 - Sandbox Compat 2.0 350,None,2, seccomp回避 ,
Linux x86-64 特殊,hxp CTF 2018 - pwn game 200,https://kileak.github.io/ctf/2018/hxp18-pwn_game/,3, game ,
Linux x86-64 特殊,35C3 CTF - collection 500,https://blog.idiot.sg/2018-12-30/35c3-ctf-2018-collection/,3, seccomp細かい制御有、Collection.cpython、rop ,
Linux x86-64 特殊,35C3 CTF - namespaces 500,https://blog.perfect.blue/namespaces-35c3ctf,3, docker、linux network namespace、escape chroot on docker container ,
Linux x86-64 特殊,HITB-XCTF GSEC CTF - once 1000,https://github.com/zj3t/ctf/blob/master/xctf2018/once/exploit.py,2, Full RELRO、メニュー操作、__free_hook上書き ,
Linux x86-64 kernel module,Insomnihack teaser 2018 - cong0miner 500,None,3, kernel、SLOB ,
Linux x86-64 kernel module,Blaze CTF 2018 - blazeme 420,https://devcraft.io/2018/04/25/blazeme-blaze-ctf-2018.html ,2, x86-64、SMEP無効、キャラクタデバイス関連、bof ,
Linux x86-64 kernel module,SECCON 2018 Quals - q-escape 500,https://devcraft.io/2018/11/22/q-escape-seccon-2018.html,3, __printf_chk@GOT利用、overwrite with magic gadget ,
Linux x86-64 kernel module,0CTF 2018 - Zer0 FS 1000,http://blog.eadom.net/writeups/0ctf-2018-zerofs-writeup/,3," sshで接続、権限昇格、SMEP, SMAP, KASLR, kptr_restrict and dmesg_restrict、bof ",
Linux x86-64 kernel module,Hack.lu CTF 2018 - Baby Kernel 500,ctf-writeups/ctf_writeup_2018/Hack_lu_CTF_2018,2, ASLR無効、prepare_kernel_cred->commit_creds ,
Linux x86-64 kernel module,N1CTF - network_card 1000,http://r3ka.eu/2018/03/n1ctf-2018-network-card-writeup/,3," x86-64、network driver、bof、bypass kaslr,smep,smap ",
Linux x86-64 kernel module,Security Fest CTF - Cypher 500,None,3, KASLR/SMEP/SMAP無効、character device、ioctl、bof ,
Linux x86-64 kernel module,SEC-T CTF - Gh0st 500,https://hama.hatenadiary.jp/entry/2018/12/02/000000 ,3," kaslr, smep, smap is off、簡易バイトコード実行可、character device、ioctl ",
Linux x86-64 kernel module,hxp CTF 2018 - Green Computing 1 50,https://devcraft.io/2018/12/10/green-computing-hxp-ctf-2018.html#green-computing-1,2, kernel、qemu-system-x86_64、pmemsave ,
Linux x86-64 kernel module,hxp CTF 2018 - Green Computing 2 200,https://devcraft.io/2018/12/10/green-computing-hxp-ctf-2018.html#green-computing-2,3, kernel、ramdisk image、DBUG method、kaslr is enable、serial port ,
Linux x86-64 kernel module,hxp CTF 2018 - Green Computing 1 - fixed 300,https://devcraft.io/2018/12/10/green-computing-hxp-ctf-2018.html#green-computing-1---fixed,3, ACPI Machine Language (AML) 、ACPI BIOS rootkit ,
Linux x86-64 kernel module,WCTF 2018 - cpf 120,https://gist.github.com/hama7230/07cd52a0e6838ea8e6b562b852e37608,3, qemu、race condition ,
Linux x86-64 kernel module,WCTF 2018 - klist 120,https://gist.github.com/hama7230/ca8df1d28243553e2a5eb995119cde09,3, キャラクタデバイス、ioctl ,
Linux x86-64 kernel module,DEF CON Quals 2018 - elastic cloud compute (memory) corruption 500,https://ierae.co.jp/blog/defconctf-quals-2018-writeup-ec3/,3, PCIデバイス、MMIO、devmemコマンド ,
Linux x86-64 kernel module,HITCON CTF 2018 - Abyss I 500,https://github.com/cr0wnctf/writeups/tree/master/2018/2018_10_20_HITCON/abyss,3, kernel絡み、DEP無効、off-by-one null byte overflow、fsb、./hypervisor.elf kernel.bin ld.so.2 ./user.elf ,
Linux x86-64 kernel module,HITCON CTF 2018 - Abyss II 500,https://github.com/cr0wnctf/writeups/tree/master/2018/2018_10_20_HITCON/abyss,3, I/O ports、シェルコード投入、heap絡み、leak a kernel address  ,
Linux x86-64 kernel module,HITCON CTF 2018 - Abyss III 400,None,3, the NXE bit is not set in EFER、KVM API (/dev/kvm)、overwrite the syscall handler function? ,
Linux i386 bof 関連,angstromCTF 2018 - COOKIE JAR 60,ctf-writeups/ctf_writeup_2018/angstromCTF_2018,1, warmup、ソースコード有、変数上書き ,
Linux i386 bof 関連,angstromCTF 2018 - ROP TO THE TOP 130,ctf-writeups/ctf_writeup_2018/angstromCTF_2018,1, warmup、関数呼び出し、ソースコード有 ,
Linux i386 bof 関連,EasyCTF IV - Fanfic Studio 350,https://ctftime.org/writeup/8827,1, ソースコード有、関数呼び出し ,
Linux i386 bof 関連,picoCTF 2018 - buffer overflow 0 150,ctf-writeups/ctf_writeup_2018/picoCTF_2018,1, ソースコード有、引数指定 ,
Linux i386 bof 関連,picoCTF 2018 - leak-me 200,ctf-writeups/ctf_writeup_2018/picoCTF_2018,1, ソースコード有、パスワードリーク ,
Linux i386 bof 関連,picoCTF 2018 - buffer overflow 1 200,ctf-writeups/ctf_writeup_2018/picoCTF_2018,1, ソースコード有、アドレス指定x1 ,
Linux i386 bof 関連,picoCTF 2018 - buffer overflow 2 250,ctf-writeups/ctf_writeup_2018/picoCTF_2018,1, ソースコード有、アドレス指定x3 ,
Linux i386 bof 関連,picoCTF 2018 - got-2-learn-libc 250,ctf-writeups/ctf_writeup_2018/picoCTF_2018,1, ソースコード有、ret2libc ,
Linux i386 bof 関連,picoCTF 2018 - rop chain 350,ctf-writeups/ctf_writeup_2018/picoCTF_2018,1, ソースコード有、rop ,
Linux i386 bof 関連,picoCTF 2018 - buffer overflow 3 450,ctf-writeups/ctf_writeup_2018/picoCTF_2018,1, ソースコード有、カナリア値リーク ,
Linux i386 bof 関連,picoCTF 2018 - can-you-gets-me 650,ctf-writeups/ctf_writeup_2018/picoCTF_2018,1," ソースコード有、statically linked、ROP、open,read,write ",
Linux i386 bof 関連,Pragyan CTF - Unbreakable encryption 350,ctf-writeups/ctf_writeup_2018/Pragyan_CTF_2018,2, AES128 CBCモード、カナリア値特定、bof、rop ,
Linux i386 bof 関連,TJCTF 2018 - Math Whiz 20,https://github.com/MeadeRobert/TJCTF_2018#math-whiz,1, 変数上書き ,
Linux i386 bof 関連,SharifCTF8 - OldSchool-NewAge 90,ctf-writeups/ctf_writeup_2018/SharifCTF8,1, One Gadget RCE利用可 ,
Linux i386 bof 関連,Securinets CTF - No_mercy 450,ctf-writeups/ctf_writeup_2018/Securinets_CTF_2018,1, LIBC_FATAL_STDERR_=1埋め込み、argv上書き ,
Linux i386 bof 関連,Securinets CTF - protect 500,ctf-writeups/ctf_writeup_2018/Securinets_CTF_2018,1, mmap/mprotect利用、shellcode埋め込み ,
Linux i386 bof 関連,Securinets CTF - Boobs 600,ctf-writeups/ctf_writeup_2018/Securinets_CTF_2018,2, 上限数登録(Off-by-one) ,
Linux i386 bof 関連,Timisoara CTF 2018 - Attendance 50,ctf-writeups/ctf_writeup_2018/Timisoara_CTF_2018,1, 認証突破、eip制御 ,
Linux i386 bof 関連,Timisoara CTF 2018 - cparty 70,ctf-writeups/ctf_writeup_2018/Timisoara_CTF_2018,1, ret2libc ,
Linux i386 bof 関連,Sunshine CTF 2018 - Hacker Name 50,ctf-writeups/ctf_writeup_2018/Sunshine_CTF_2018,1, 関数呼び出し、独自共有ライブラリ、ワンライナー ,
Linux i386 bof 関連,TAMUctf 18 - pwn 1 25,ctf-writeups/ctf_writeup_2018/TAMUctf_18,1, 関数呼び出し、ワンライナー ,
Linux i386 bof 関連,TAMUctf 18 - pwn 2 50,ctf-writeups/ctf_writeup_2018/TAMUctf_18,1, 関数呼び出し、ワンライナー ,
Linux i386 bof 関連,TAMUctf 18 - pwn 3 75,ctf-writeups/ctf_writeup_2018/TAMUctf_18,1, DEP無効、シェルコード埋め込み ,
Linux i386 bof 関連,TAMUctf 18 - pwn 4 125,ctf-writeups/ctf_writeup_2018/TAMUctf_18,1, ret2libc ,
Linux i386 bof 関連,TAMUctf 18 - pwn 5 200,ctf-writeups/ctf_writeup_2018/TAMUctf_18,1, メニュー操作、rop ,
Linux i386 bof 関連,SwampCTF 2018 - Apprentice's Return 500,ctf-writeups/ctf_writeup_2018/SwampCTF_2018,1, 関数呼び出し ,
Linux i386 bof 関連,SECCON Beginners CTF 2018 - Seczon 388,ctf_writeup_2018/SECCON_Beginners_CTF_2018,1, Full RELRO、__free_hook上書き ,
Linux i386 bof 関連,AceBear Security Contest - lol game 1000,https://ctftime.org/writeup/8594,2, game、partial overwrite ,
Linux i386 bof 関連,Hack Zone Tunisia - Encoder 500,https://ctfti.me/writeup/9740,1, rop ,
Linux i386 bof 関連,TUCTF 2018 - Canary 500,ctf-writeups/ctf_writeup_2018/TUCTF_2018,1, カナリア値突破 ,
Linux i386 bof 関連,TUCTF 2018 - Shella Easy 500,ctf-writeups/ctf_writeup_2018/TUCTF_2018,1, DEP無効、分岐制御、シェルコード埋め込み ,
Linux i386 bof 関連,TUCTF 2018 - Shella Hard 500,ctf-writeups/ctf_writeup_2018/TUCTF_2018,1, 関数呼び出し ,
Linux i386 bof 関連,TUCTF 2018 - Lisa 500,https://www.pwndiary.com/write-ups/tuctf-2018-lisa-write-up-pwn489/,1, partial overwrite、認証突破 ,
Linux i386 bof 関連,0CTF 2018 - Baby Stack 2018 1000,ctf-writeups/ctf_writeup_2018/0CTF_2018,2, 問題前に認証突破(sha256)、stack_pivot、ret2dl_resolve、コネクトバック ,
Linux i386 bof 関連,X-MAS CTF 2018 - Greetings from Santa 500,https://github.com/htejeda/CTF-writeups/tree/master/XMAS-CTF-2018/GreetingsFromSanta,1, call eax利用  ,
Linux i386 bof 関連,IceCTF 2018 - Cave 50,ctf-writeups/ctf_writeup_2018/IceCTF_2018,1,ソースコード有、関数呼び出し、ワンライナー ,
Linux i386 bof 関連,IceCTF 2018 - Simple Overflow 250,ctf-writeups/ctf_writeup_2018/IceCTF_2018,1, ソースコード有、関数呼び出し、ワンライナー ,
Linux i386 bof 関連,IceCTF 2018 - Fermat String 300,https://ctfti.me/writeup/11098,2," stack_pivot、mprotect利用、rop、setreuid(geteuid(), geteuid()) ",
Linux i386 bof 関連,Real World CTF 2018 - P90 RUSH B 500,https://blog.perfect.blue/P90_Rush_B,2, stack-based bof、シェルコード埋め込み ,
Linux i386 heap 関連,STEM CTF 2018 - Farm Sim 500,ctf-writeups/ctf_writeup_2018/STEM_CTF_2018,2, 負の値入力でリーク可、DEP無効、リモートで動いているバイナリと配布されているバイナリが異なっている ,
Linux i386 heap 関連,Sunshine CTF 2018 - UAF 300,ctf-writeups/ctf_writeup_2018/Sunshine_CTF_2018,1, UAF利用でlibc_base特定、overwrite strchr@got ,
Linux i386 heap 関連,Sunshine CTF 2018 - Bookwriter 500,https://kileak.github.io/ctf/2018/sunshince-bookwriter/,2, unsafe unlink、leak __environ、overwrite return address ,
Linux i386 heap 関連,AceBear Security Contest - easy heap 1000,ctf_writeup_2018/AceBear_Security_Contest_2018,2, 負の値でリーク/更新可、GOT上書き、cat利用不可 ,
Linux i386 heap 関連,RITSEC CTF 2018 - Yet Another HR Management Framework 250,ctf-writeups/ctf_writeup_2018/RITSEC_CTF_1018,2, golang、overwrite free@GOT ,
Linux i386 heap 関連,CTFZone 2018 Quals - easypwn_strings 500,ctf-writeups/ctf_writeup_2018/CTFZone_2018,1, 指定関数呼び出し、fsbでも攻略可 ,
Linux i386 heap 関連,Midnight Sun CTF - Haxpresso 300,https://ctfti.me/writeup/9699,2, bof、null終端しない、House of Force ,
Linux i386 fsb 関連,angstromCTF 2018 - PERSONAL LETTER 160,ctf-writeups/ctf_writeup_2018/angstromCTF_2018,1, GOT上書き ,
Linux i386 fsb 関連,picoCTF 2018 - echooo 300,ctf-writeups/ctf_writeup_2018/picoCTF_2018,1, ソースコード有、%s ,
Linux i386 fsb 関連,picoCTF 2018 - authenticate 350,ctf-writeups/ctf_writeup_2018/picoCTF_2018,1, ソースコード有、%hhn ,
Linux i386 fsb 関連,picoCTF 2018 - echo back 500,ctf-writeups/ctf_writeup_2018/picoCTF_2018,1, _start利用、printf@got上書き ,
Linux i386 fsb 関連,TJCTF 2018 - Secure Secrets 140,ctf-writeups/ctf_writeup_2018/TJCTF_2018,1, GOT上書き、関数呼び出し ,
Linux i386 fsb 関連,Securinets CTF - Format_me 200,ctf-writeups/ctf_writeup_2018/Securinets_CTF_2018,1, ASLR無効、one shot ,
Linux i386 fsb 関連,Sunshine CTF 2018 - Rot13 200,ctf-writeups/ctf_writeup_2018/Sunshine_CTF_2018,1, PIE有効、rot13考慮 ,
Linux i386 fsb 関連,Sunshine CTF 2018 - Hexalicious 300,https://github.com/phieulang1993/ctf-writeups/blob/master/2018/sunshinectf/Hexalicious/Hexalicious.py,1, %s利用 ,
Linux i386 fsb 関連,noxCTF 2018 - believeMe 1000,ctf-writeups/ctf_writeup_2018/noxCTF_2018,1, ASLR無効、関数呼び出し ,
Linux i386 fsb 関連,noxCTF 2018 - The Name Calculator 1000,ctf-writeups/ctf_writeup_2018/noxCTF_2018,2, xor考慮、関数呼び出し ,
Linux i386 fsb 関連,ISITDTU CTF 2018 - Baby format 1000,ctf-writeups/ctf_writeup_2018/ISITDTU_CTF_2018,2, Full RELRO、入力制限解除 ,
Linux i386 fsb 関連,ASIS CTF Finals 2018 - Silver bullet 500,ctf-writeups/ctf_writeup_2018/ASIS_CTF_Finals_2018,2, Full RELRO、fsb+bof、関数呼び出し ,
Linux i386 fsb 関連,TUCTF 2018 - Ehh 500,ctf-writeups/ctf_writeup_2018/TUCTF_2018,1, 分岐制御 ,
Linux i386 fsb 関連,TUCTF 2018 - Timber 500,ctf-writeups/ctf_writeup_2018/TUCTF_2018,1, close@got上書き ,
Linux i386 fsb 関連,X-MAS CTF 2018 - Pinkie's Gift 500,ctf-pwnpf/ctf-writeups/ctf_writeup_2018,1, No RELRO、fsb+bof ,
Linux i386 fsb 関連,P.W.N. CTF 2018 - Echo Chamber 300,https://ctfti.me/writeup/12048,1, シェル起動 ,
Linux i386 fsb 関連,Midnight Sun CTF - Botpanel 300,https://github.com/p4-team/ctf/blob/master/2018-04-14-midnight-quals/botpanel/doit.py,2, fsbでカナリア値リーク、bof ,
Linux i386 整数オーバーフロー,angstromCTF 2018 - ACCUMULATOR 50,ctf-writeups/ctf_writeup_2018/angstromCTF_2018,1,ソースコード有、整数オーバーフロー ,
Linux i386 シェルコード生成,picoCTF 2018 - shellcode 200,ctf-writeups/ctf_writeup_2018/picoCTF_2018,1, ASCII文字のみでシェルコード生成 ,
Linux i386 シェルコード生成,Blaze CTF 2018 - magic-pwn 420,https://github.com/justinwang4231/blazectf,3, ,
Linux i386 シェルコード生成,Meepwn CTF Quals 2018 - babysandbox 1000,ctf-writeups/ctf_writeup_2018/Meepwn_CTF_Quals_2018,2, shellcode生成、connect-back、execveat ,
Linux i386 シェルコード生成,DEF CON Quals 2018 - Note Oriented Programming 500,https://devcraft.io/2018/05/21/nop-def-con-ctf-qualifier-2018.html,2, 入力制限有、sigreturn 利用 ,
Linux i386 乱数予測,angstromCTF 2018 - NUMBER GUESS 70,ctf-writeups/ctf_writeup_2018/angstromCTF_2018,1,ソースコード有、乱数予測、srand(time(NULL)),
Linux i386 乱数予測,TJCTF 2018 - Future Canary Lab 80,ctf-writeups/ctf_writeup_2018/TJCTF_2018,1,srand(time(NULL)),
Linux i386 特殊,angstromCTF 2018 - HELLCODE 250,ctf-writeups/ctf_writeup_2018/angstromCTF_2018,2, 16バイト制限解除、syscall制限解除 ,
Linux i386 特殊,picoCTF 2018 - got-shell? 350,ctf-writeups/ctf_writeup_2018/picoCTF_2018,1, アドレス指定x2、ソースコード有 ,
Linux i386 特殊,TJCTF 2018 - Tilted Troop 40,https://www.reddit.com/r/securityCTF/comments/96x0hk/tjctf_2018_binary_exploitation_guide/,1, ソースコード有 ,
Linux i386 特殊,SwampCTF 2018 - Dungeon Crawl 500,ctf-writeups/ctf_writeup_2018/SwampCTF_2018,1, L1〜L5まで攻略できたらフラグ、bof、fsb、整数オーバーフロー ,
Linux i386 特殊,Hack Zone Tunisia - License checker 500,ctf-writeups/ctf_writeup_2018/Hack_Zone_Tunisia_2018,1, 認証突破 ,
Linux i386 特殊,CSAW CTF Quals 2018 - doubletrouble 200,https://ctfti.me/writeup/11213,2, game、負の値、double、シェルコード生成 ,
Linux i386 特殊,SECCON 2018 Quals - kindvm 500,ctf-writeups/ctf_writeup_2018/SECCON_2018_Quals,2, コマンドラインI/F、負の値利用、ワンライナー ,
Linux i386 特殊,RCTF 2018 - simulator 1000,ctf-writeups/ctf_writeup_2018/RCTF_2018,2, MIPS simulator、ハッシュ値のガード突破(sha256)、mipsの命令sw利用、カナリア値のマスタ上書き ,
Linux i386 特殊,CTFZone 2018 Quals - Buggy PWN 500,https://blog.idiot.sg/2018-07-23/ctfzone-buggypwn/,2, シェルコードカスタマイズ、入力制限有 ,
Linux i386 特殊,Security Fest CTF - Greenrain 500,None,3, Full RELRO、encode/decode考慮、端末制御有 ,
Linux arm kernel,Midnight Sun CTF - Randumb 250,https://github.com/p4-team/ctf/tree/master/2018-04-14-midnight-quals/randumb,3, kernel、キャラクタデバイス、ioctl、/proc/kallsymsからシンボル情報取得、overwrite sys_call_table , # 練習にちょうどよい
Linux arm ,AceBear Security Contest - arm-exploit 1000,ctf_writeup_2018/AceBear_Security_Contest_2018,2, bof、__libc_csu_init利用、カナリア値特定 ,
Linux arm ,SECCON 2018 Quals - internet_of_seat 500,https://ctfti.me/writeup/12056,2, heap bof、overwrite __malloc_heap、overwrite memchr@got、コネクトバック ,
Linux arm ,0CTF 2018 - Mighty Dragon 1000,https://david942j.blogspot.com/2018/04/write-up-0ctf-quals-2018-pwn1000-mighty.html,3, bof ,
Linux arm ,CTFZone 2018 Quals - Mobile Bank 500,https://ctfti.me/writeup/10489,2, 負の値利用、overwrite memcmp@got to system -> enable debug ,
Linux arm ,Security Fest CTF - Sshnuke 500,https://ctfti.me/writeup/10213 ,2, reverse crc32、ROP ,
Linux arm ,Security Fest CTF - Goldrain 500,None,3, No RELRO、heap絡み ,
Linux arm ,SEC-T CTF - Hashcash v2 500,https://github.com/LorenzoBinosi/CTF/blob/master/2018/SECT_CTF/pwn/hashcash_v2/exploit.py,2, 問題に辿り着くために要認証突破(md5)、 ,
Linux arm ,hxp CTF 2018 - poor_canary 100,https://ctfti.me/writeup/12583,2, bof、カナリア値リーク  ,
Linux arm ,35C3 CTF - newphonewhodis 500,https://ctfti.me/writeup/12838,3, rop、mmap利用、シェルコードカスタマイズ ,
Linux arm ,InCTF 2018 - wARMup 1000,https://github.com/sajjadium/ctf-writeups/blob/master/InCTF/2018/wARMup/exploit.py,2, stack overflow、シェルコード埋め込み ,
Linux arm ,InCTF 2018 - echo 1000,None,2, Full RELRO、qemu、bof ,
Linux arm ,Codegate CTF 2018 - SuperFTP 1000,https://github.com/inaz2/minipwn/blob/master/minipwn.py,2, メニュー操作でstackに書き込めるサイズを更新、bof ,
Linux arm ,Codegate CTF 2018 - Melong 1000,https://github.com/Changochen/CTF/blob/master/2018/Codegate/melong/exp.py,2, stack bof ,
Linux PowerPC 32bit,HackIM2018 - Exploitation Question 1 200,ctf-writeups/ctf_writeup_2018/HackIM2018/,1, fsb、スタックのリーク ,
Linux MIPS ,ASIS CTF Finals 2018 - Modern KeX 500,None,3, kernel module ,
Linux MIPS ,WCTF 2018 - camera 120,https://github.com/Eadom/wctf-2018-camera,3, race condition、stack bof、sqli ,
pyjail,UIUCTF 2018 - bride of frankenpickle 600,None,2, ソースコード有 ,
pyjail,ISITDTU CTF 2018 - xoxopwn 1000,ctf-writeups/ctf_writeup_2018/ISITDTU_CTF_2018,2, decode ,
pyjail,Blaze CTF 2018 - secret_pickle 420,http://neolex-security.fr/writeup/blaze-ctf-2018secret-picklepwn/,2, 入力制限あり、pickle利用(protocol=0) ,
pyjail,INSHACK 2018 - Config Creator 214,ctf-writeups/ctf_writeup_2018/INSHACK_2018,2, メニュー操作、シェル起動可 ,
pyjail,Midnight Sun CTF - Gibson9000 100,https://github.com/p4-team/ctf/tree/master/2018-04-14-midnight-quals/gibson,1, エンコード考慮 ,
JavaScript Jail,Midnight Sun CTF - Jeil 200,https://nandynarwhals.org/midnightsun2018-jeil/,2, ソースコードあり ,
Java,BackdoorCTF 2018 - ARRAY-LIST 350,https://github.com/p4-team/ctf/tree/master/2018-03-18-backdoor-ctf/pwn_array,3, deserialize処理利用 ,
WebAssembly,X-MAS CTF 2018 - Review your Santa 500,None,3, ,
WebAssembly,CODE BLUE CTF 2018 - Secret Mailer Service 2.0 500,https://github.com/Charo-IT/CTF/blob/master/2018/codeblue_quals/writeup.md#secret-mailer-service-20-pwn,2, off-by-one bof->overlap chunks、emscripten_run_scriptでコード実行 ,
WebAssembly,35C3 CTF - chaingineering 250,https://github.com/LinusHenze/WebKit-RegEx-Exploit,3, JavaScript ,
WebAssembly,BCTF 2018 - easywasm 1000,https://xrekkusu.hatenablog.jp/entry/2018/12/12/125052,2, bof ,
QEMU Escape,Real World CTF 2018 - state-of-the-art vm 500,None,3, x86-64 ,
QEMU Escape,Real World CTF 2018 - SCSI 500,None,3, x86-64 SCSI ,
MacOS sandbox,35C3 CTF - pillow 500,https://github.com/LinusHenze/35C3_Writeups/blob/master/pillow/README.md,3, kernel絡み、sandbox-exec、mig ,
MacOS sandbox,DEF CON Quals 2018 - IPwnKit 500,https://github.com/0n3m4ns4rmy/ctf-write-ups/blob/master/Pico%20CTF%202018/no-args/exploit.py,3,  kernelがらみ ,
Web系pwn,AceBear Security Contest - encodr 1000,https://github.com/vakzz/ctfs/blob/master/AceBear2018/encodr/solv.py,2, x86縲‖toi@GOT荳頑嶌縺,
Web系pwn,Insomnihack teaser 2018 - sapeloshop 500,https://github.com/DhavalKapil/ctf-writeups/blob/master/insomni-hack-18/sapeloshop/exploit.py,2, Full RELRO、UAF、fastbin attack ,
Web系pwn,PlaidCTF 2018 - roll a d8 350,https://pastebin.com/frnxKrEh,3, JavaScript、fake ArrayBuffer、leaking JIT addr ,
Web系pwn,ISITDTU CTF 2018 - unexploitable 1000,https://kileak.github.io/ctf/2018/isitdtu-unexploitable/,2, bof、rop、encode/decode ,
Web系pwn,Viettel Mates CTF 2018 - Revenge of the Unexp 500,https://www.pwntera.fr/write-up/2018/06/17/viettel-mates-ctf-2018.html,2, bof、rop、mmap利用、シェルコード埋め込み ,
Web系pwn,Viettel Mates CTF 2018 - happywheel 500,None,3, バイナリなし ,
Web系pwn,Blaze CTF 2018 - blazefox 420,https://devcraft.io/2018/04/27/blazefox-blaze-ctf-2018.html,3, firefoxのbuf利用?、memmove@got上書き ,
Web系pwn,INSHACK 2018 - Gcorp Stage 2 420,https://jbzteam.github.io/inshack2018/sudo,2, Full RELRO、encoder/decoder考慮 ,
Web系pwn,Kaspersky Industrial CTF 2018 - modcontroller 1000,https://abiondo.me/2018/11/24/kaspersky18-modcontroller/,2, sqli、gopher ,
Web系pwn,0CTF 2018 - h4x0rs.club 3 1000,None,3, game、,
Web系pwn,Hack.lu CTF 2018 - Qberts Engine 500,https://gist.github.com/birdg0/dbe57050ffc85fe6ec1af4b35df68831,2, JavaScript、libqml ,
Web系pwn,X-MAS CTF 2018 - I want that toy 500,https://github.com/quantumbracket/ctf_writeups/blob/master/xmasctf2018/I%20want%20that%20toy/exploit.py,2, bof、カナリア値リーク、base addrリーク ,
Web系pwn,CTFZone 2018 Quals - JSZone 500,https://github.com/ujin5/ctfwriteup/blob/master/ctfzone/js/solve.py,2,  JavaScript ,
Web系pwn,HITB-XCTF GSEC CTF - H-Link 1000,https://www.xctf.org.cn/library/details/hitb-quals-2018/#h-link-pwn,2, SOAP、stack bof、/dev/tcp/*利用 ,
Web系pwn,Real World CTF 2018 - Spectre-Free 500,None,2, Full RELRO、独自共有ライブラリ、libicuuc ,
Web系pwn,Real World CTF 2018 - doc2own 500,https://blog.l4ys.tw/2018/07/realworld-ctf-2018-doc2own/,3, WebSocket、node.js ,
Web系pwn,DEF CON Quals 2018 - shellql 500,https://ctfti.me/writeup/10063,2, seccomp、シェルコード生成、SQL ,
Web系pwn,DEF CON Quals 2018 - www 500,https://ctfti.me/writeup/10182,3, NeXTSTEP OS (arch m68k)、シェルコード投入、画像の中にフラグ ,
Web系pwn,DEF CON Quals 2018 - exzendtential-crisis 500,https://gist.github.com/saelo/0a85f22c8a02f3a314661edd715900d3?fbclid=IwAR1m2_7JmLNRf1UtkPIZcaBaHSu0aT8Ux7CmrU6luLh3dZLzS6uz575KGug,2, 独自共有ライブラリ(mydb.so) ,
バイナリなし,STEM CTF 2018 - INTeresting binary 300,None,2, 整数オーバーフロー ,
バイナリなし,NoNameCon CTF - Schedule 150,None,2, ,
バイナリなし,Hack Zone Tunisia - For fun 750,None,2, srop? ,
バイナリなし,INSHACK 2018 - OpenSource as a Service 500,None,3, ,
バイナリなし,Kaspersky Industrial CTF 2018 - labypwnth 1000,None,3, ,
バイナリなし,Hackcon 2018 - Casino v1.3 50,None,2, ,
バイナリなし,Google CTF 2018 Quals - ADMIN UI 1,ctf-writeups/ctf_writeup_2018/Google_CTF_2018_Quals,1, メニュー操作、ディレクトリ・トラバーサル ,
バイナリなし,Google CTF 2018 Quals - MOAR 1,ctf-writeups/ctf_writeup_2018/Google_CTF_2018_Quals,1, manは!commandで任意のコマンドが実行可 ,
バイナリなし,Google CTF 2018 Quals - ADMIN UI 2 1,https://ctfti.me/writeup/10286,2, ディレクトリトラバーサル、/proc/self/exeでバイナリ取得可、メモリ上にフラグ有、xorで復号 ,
バイナリなし,Midnight Sun CTF - Blindpwn 300,https://github.com/midnight-sun-ctf/challenges2018/blob/master/qualifiers/blindpwn/solution/solve.py,2, x86、fsb、カナリア値リーク、rop、DEP無効、Dockerfile+ソースコード ダウンロード可 ,
バイナリなし,HITB-XCTF GSEC CTF - babypwn 1000,https://www.da.vidbuchanan.co.uk/blog/HITB-XCTF-2018-babypwn.html,2, x86-64、fsb、printf@got上書き ,
バイナリなし,DEF CON Quals 2018 - babypwn1805 500,ctf-writeups/ctf_writeup_2018/DEF_CON_Quals_2018,2, ソースコード有、bof、起動の度にロードされるlibcが変化(15種類)、LIBC_FATAL_STDERR_利用でリーク ,
aarch64(armv8),Insomnihack teaser 2018 - onecall 500,ctf-writeups/ctf_writeup_2018/Insomnihack_teaser_2018,1, /proc/self/mapsを読み込んで出力、One Gadget RCEのアドレス入力 ,
aarch64(armv8),WCTF 2018 - troposphere 120,None,3, qemu ,
aarch64(armv8),HITCON CTF 2018 - Super Hexagon - 2 500,https://balsn.tw/ctf_writeup/20181019-hitconctf/#super-hexagon,3, kernel ,
aarch64(armv8),HITCON CTF 2018 - Super Hexagon - 3 500,https://github.com/grant-h/ctf/blob/master/hitcon18/superhexagon/super.py,3, kernel ,
PowerPC 32,BBCTF2018 - Get all the power you can here! 300,None,3, prctl、システムコール制限有 ,
bash jail,Securinets CTF - special 350,ctf-writeups/ctf_writeup_2018/Securinets_CTF_2018,1, $HOSTTYPE利用 ,
bash jail,WPICTF 2018 - Shell-JAIL-1 150,ctf-writeups/ctf_writeup_2018/WPICTF_2018,1, フィルタ回避 ,
bash jail,WPICTF 2018 - Shell-JAIL-2 250,ctf-writeups/ctf_writeup_2018/WPICTF_2018,1, フィルタ回避 ,
Clojure/LISP,Hackover CTF 2018 - holy graal 500,https://github.com/p4-team/ctf/tree/master/2018-10-06-hackover/pwn_graal,1, シェル起動 ,
ruby jail,Hackover CTF 2018 - stbm 500,https://ctfti.me/writeup/11546,2,  ,
ruby jail,CODE BLUE CTF 2018 - Little Riddle 500,http://kotarou777775.hatenablog.com/entry/2018/08/07/213911,2, seccomp ,
特殊,SharifCTF8 - kdb 420,https://shells.ccc.ac/~spq/writeups/2018/sharif/kdb.txt,1, ログアウト処理利用 ,
特殊,STEM CTF 2018 - Security as a Service 150,ctf-writeups/ctf_writeup_2018/STEM_CTF_2018,1, ソースコード有、認証突破 ,
特殊,STEM CTF 2018 - Janitors Keyring 400,ctf-writeups/ctf_writeup_2018/STEM_CTF_2018,1, 認証突破、angr ,
特殊,DefCamp CTF Qualification 2018 - Online linter 400,https://balsn.tw/ctf_writeup/20180922-dctfquals2018/ ,2, gitの脆弱性利用、CVE-2018-11235(https://github.com/Rogdham/CVE-2018-11235) ,
特殊,UIUCTF 2018 - arbitrary null byte write 500,None,2, Dockerfile有 ,
特殊,PlaidCTF 2018 - Woofer 450,https://pastebin.com/aeCdMk73,3, heap関連? ,
特殊,Blaze CTF 2018 - stockbroken 420,None,3, ,
特殊,Blaze CTF 2018 - microblazemud 420,None,3, qemu-system-microblazeel、特殊cpuアーキテクチャ ,
特殊,Blaze CTF 2018 - vectors 420,https://devcraft.io/2018/04/27/vectors-blaze-ctf-2018.html ,3,,
特殊,Hack.lu CTF 2018 - Rusty CodePad 500,https://w0y.at/writeup/2018/10/18/hacklu-ctf-2018-rusty-codepad.html,2, rust、safe code bypass、prctl、システムコール制限あり ,
特殊,Hack.lu CTF 2018 - Petite Prison 500,https://github.com/pspaul/ctf-challenges/tree/master/petite-prison,2, escape the minijail ,
特殊,N1CTF - supersix's image kitchen 1000,https://github.com/Nu1LCTF/n1ctf-2018/blob/master/writeups/pwn/supersix's%20image%20kitchen/app/src/main/java/com/hack/nu1lctf/MainActivity.java,3, androidアプリ作成でpwn、rop、シェル起動 ,
特殊,N1CTF - memsafety 1000,http://r3ka.eu/2018/03/n1ctf-2018-memsafety-writeup/,3, rust、bypass safe code、UAF、double free->overlap chunk、__environ利用、rop ,
特殊,Hackover CTF 2018 - military-crypto 500,https://ctfti.me/writeup/11489,1, gpg ,
特殊,Hackover CTF 2018 - slip2slash 500,https://gitli.stratum0.org/ctf_zero/writeups/blob/f90a38e8f0d60f44a00655c101554fb30e10f396/2018-10-05-hackover18/slip2slash/README.md,1, 共有ライブラリの中身をbase64エンコードして流し込む ,
特殊,CODE BLUE CTF 2018 - game Revenge 500,https://pwn3r.tistory.com/entry/CODEBLUE-2018-QUAL-game-revenge-Exploit-only,2, game系 ,
特殊,Midnight Sun CTF - Babyshells 50,ctf-writeups/ctf_writeup_2018/Midnight_Sun_CTF_2018,1," bof、statically linked、DEP無効、x86,arm,mipsの各サーバにシェルコード投入 ",
特殊,Midnight Sun CTF - Hashcash 150,https://github.com/p4-team/ctf/tree/master/2018-04-14-midnight-quals/hashcash,2, game、md5 ,
特殊,Real World CTF 2018 - suanjike 500,None,3, sshで接続、脆弱性をついて権限昇格 ,
特殊,Real World CTF 2018 - JB ETA WEN 500,None,3, XNU kernel ,
特殊,WCTF 2018 - parrotrevenge 120,None,2, x86-64、Full RELRO、bof? ,
特殊,WCTF 2018 - kasten 120,None,3, x86-64、Full RELRO ,
特殊,WCTF 2018 - hardflag 120,None,3, firmware、kernel driver ,
特殊,DEF CON Quals 2018 - TechSupport 500,https://ctfti.me/writeup/10181,2, rev、ライセンスキー特定 ,
特殊,Codegate CTF 2018 - gif uploader 1000,https://github.com/pwning/public-writeup/blob/master/codegate2018/gif%20uploader/README.md,3, 横長の画像でstack bof、rop、画像にコマンド埋め込み ,
特殊,Codegate CTF 2018 - 7amebox2 1000,None,3, writeupなし bof? ,
特殊,HITCON CTF 2018 - Super Hexagon - 4 500,None,3, Trustlets ,
特殊,HITCON CTF 2018 - Super Hexagon - 5 500,None,3, TEE OS ,
特殊,HITCON CTF 2018 - Super Hexagon - 6 500,None,3, ARM Trusted Firmware ,
他,RITSEC CTF 2018 - Freeze! 150,ctf-writeups/ctf_writeup_2018/RITSEC_CTF_1018,1, python、rev ,
他,RITSEC CTF 2018 - ReverseMe 400,ctf-writeups/ctf_writeup_2018/RITSEC_CTF_1018,2, x86-64、rev、aes独自実装 ,
他,RITSEC CTF 2018 - One of these things doesn't belong! 300,None,3, rev、x86-64 ,
他,RITSEC CTF 2018 - https_www.youtube.com_watch_v=cEuU64Zt4B0 300,None,2, rev、x86、認証突破 ,
